{
    "linkedMenu": "animationMenuSet",
    "autoSave": true,
    "selectedShelf": "LaaScripts",
    "panels": [
        {
            "mainWindowPanel": true,
            "splitter": {
                "orientation": "horizontal",
                "children": [
                    {
                        "tabWidget": {
                            "selectedIndex": 0,
                            "controlWidth": 425,
                            "controlHeight": 920,
                            "collapsed": false,
                            "controls": [
                                {
                                    "objectName": "dwPickerWindowWorkspaceControl",
                                    "title": "DreamWall - Picker",
                                    "uiScript": "python(\"\\ntry:\\n    import dwpicker.main\\n    dwpicker.main.DwPicker.restore()\\nexcept ImportError:\\n    print(\\\"\\nERROR: Dwpicker: DwPicker is not found in Python paths.\\n    - Please use sys.path.append('<dwpicker forlder>') and relaunch it.\\n    - Or add '<picker folder>' to environment variable PYTHONPATH\\\")\\n\");",
                                    "retain": true,
                                    "deleteLater": true,
                                    "loadImmediately": true,
                                    "checkPlugins": false,
                                    "actLikeMayaUIElement": false,
                                    "layoutDirectionCallback": "",
                                    "layoutDirection": "horizontal",
                                    "closeCommand": "python(\"import dwpicker;dwpicker._dwpicker.close_event()\");",
                                    "tabDirection": 0,
                                    "closed": false,
                                    "widthProperty": "free",
                                    "heightProperty": "free",
                                    "controlWidth": 425,
                                    "controlHeight": 920
                                }
                            ]
                        }
                    },
                    {
                        "splitter": {
                            "orientation": "vertical",
                            "children": [
                                {
                                    "tabWidget": {
                                        "selectedIndex": 0,
                                        "controlWidth": 1485,
                                        "controlHeight": 23,
                                        "collapsed": false,
                                        "controls": [
                                            {
                                                "objectName": "StatusLine",
                                                "title": "Status Line",
                                                "uiScript": "global string $gStatusLineForm; formLayout $gStatusLineForm;",
                                                "retain": true,
                                                "deleteLater": true,
                                                "loadImmediately": true,
                                                "checkPlugins": false,
                                                "actLikeMayaUIElement": false,
                                                "layoutDirectionCallback": "",
                                                "layoutDirection": "horizontal",
                                                "tabDirection": 0,
                                                "closed": false,
                                                "widthProperty": "free",
                                                "heightProperty": "fixed",
                                                "controlWidth": 1485,
                                                "controlHeight": 23
                                            }
                                        ]
                                    }
                                },
                                {
                                    "tabWidget": {
                                        "selectedIndex": 0,
                                        "controlWidth": 1485,
                                        "controlHeight": 64,
                                        "collapsed": false,
                                        "controls": [
                                            {
                                                "objectName": "Shelf",
                                                "title": "Shelf",
                                                "uiScript": "global string $gShelfForm; formLayout $gShelfForm;",
                                                "retain": true,
                                                "deleteLater": true,
                                                "loadImmediately": true,
                                                "checkPlugins": false,
                                                "actLikeMayaUIElement": false,
                                                "layoutDirectionCallback": "",
                                                "layoutDirection": "horizontal",
                                                "tabDirection": 0,
                                                "closed": false,
                                                "widthProperty": "free",
                                                "heightProperty": "fixed",
                                                "controlWidth": 1485,
                                                "controlHeight": 64,
                                                "initCallback": "shelfInitCallback"
                                            }
                                        ]
                                    }
                                },
                                {
                                    "splitter": {
                                        "orientation": "horizontal",
                                        "children": [
                                            {
                                                "tabWidget": {
                                                    "selectedIndex": 0,
                                                    "controlWidth": 40,
                                                    "controlHeight": 735,
                                                    "collapsed": false,
                                                    "controls": [
                                                        {
                                                            "objectName": "ToolBox",
                                                            "title": "Tool Box",
                                                            "uiScript": "global string $gToolboxForm; formLayout $gToolboxForm;",
                                                            "retain": true,
                                                            "deleteLater": true,
                                                            "loadImmediately": true,
                                                            "checkPlugins": false,
                                                            "actLikeMayaUIElement": false,
                                                            "layoutDirectionCallback": "",
                                                            "layoutDirection": "vertical",
                                                            "tabDirection": 0,
                                                            "closed": false,
                                                            "widthProperty": "fixed",
                                                            "heightProperty": "free",
                                                            "controlWidth": 40,
                                                            "controlHeight": 735
                                                        }
                                                    ]
                                                }
                                            },
                                            {
                                                "tabWidget": {
                                                    "selectedIndex": 0,
                                                    "controlWidth": 260,
                                                    "controlHeight": 480,
                                                    "controls": [
                                                        {
                                                            "objectName": "Outliner",
                                                            "title": "Outliner",
                                                            "uiScript": "outlinerPanel -menuBarVisible true -label panelLabel Outliner",
                                                            "retain": true,
                                                            "deleteLater": true,
                                                            "loadImmediately": true,
                                                            "checkPlugins": false,
                                                            "actLikeMayaUIElement": false,
                                                            "layoutDirectionCallback": "",
                                                            "layoutDirection": "horizontal",
                                                            "tabDirection": 0,
                                                            "closed": true,
                                                            "widthProperty": "preferred",
                                                            "heightProperty": "free",
                                                            "controlWidth": 260,
                                                            "controlHeight": 480,
                                                            "initCallback": "outlinerStateCallback",
                                                            "stateString": "outlinerEditor -e -docTag \"isolOutln_fromSeln\" -showShapes 0 -showAssignedMaterials 0 -showTimeEditor 1 -showReferenceNodes 1 -showReferenceMembers 1 -showAttributes 0 -showConnected 0 -showAnimCurvesOnly 0 -showMuteInfo 0 -organizeByLayer 1 -organizeByClip 1 -showAnimLayerWeight 1 -autoExpandLayers 1 -autoExpand 0 -showDagOnly 1 -showAssets 1 -showContainedOnly 1 -showPublishedAsConnected 0 -showParentContainers 0 -showContainerContents 1 -ignoreDagHierarchy 0 -expandConnections 0 -showUpstreamCurves 1 -showUnitlessCurves 1 -showCompounds 1 -showLeafs 1 -showNumericAttrsOnly 0 -highlightActive 1 -autoSelectNewObjects 0 -doNotSelectNewObjects 0 -dropIsParent 1 -transmitFilters 0 -setFilter \"defaultSetFilter\" -showSetMembers 1 -allowMultiSelection 1 -alwaysToggleSelect 0 -directSelect 0 -isSet 0 -isSetMember 0 -displayMode \"DAG\" -expandObjects 0 -setsIgnoreFilters 1 -containersIgnoreFilters 0 -editAttrName 0 -showAttrValues 0 -highlightSecondary 0 -showUVAttrsOnly 0 -showTextureNodesOnly 0 -attrAlphaOrder \"default\" -animLayerFilterOptions \"allAffecting\" -sortOrder \"none\" -longNames 0 -niceNames 1 -showNamespace 1 -showPinIcons 0 -mapMotionTrails 0 -ignoreHiddenAttribute 0 -ignoreOutlinerColor 0 -renderFilterVisible 0 -renderFilterIndex 0 -selectionOrder \"chronological\" -expandAttribute 0 $editorName"
                                                        }
                                                    ]
                                                }
                                            },
                                            {
                                                "tabWidget": {
                                                    "selectedIndex": 0,
                                                    "controlWidth": 1156,
                                                    "controlHeight": 735,
                                                    "collapsed": false,
                                                    "controls": [
                                                        {
                                                            "objectName": "MainPane",
                                                            "title": "viewPanes",
                                                            "uiScript": "global string $gMainPane; paneLayout -nbg 0 $gMainPane;",
                                                            "retain": true,
                                                            "deleteLater": true,
                                                            "loadImmediately": true,
                                                            "checkPlugins": false,
                                                            "actLikeMayaUIElement": false,
                                                            "layoutDirectionCallback": "",
                                                            "layoutDirection": "horizontal",
                                                            "tabDirection": 0,
                                                            "closed": false,
                                                            "widthProperty": "free",
                                                            "heightProperty": "free",
                                                            "controlWidth": 1156,
                                                            "controlHeight": 735,
                                                            "initCallback": "mainPaneStateCallback",
                                                            "stateString": "global string $gMainPane; paneLayout -edit -configuration single $gMainPane;if(`modelPanel -exists modelPanel4`){ modelPanel -edit -parent $gMainPane modelPanel4; paneLayout -edit -setPane modelPanel4 1 $gMainPane;}"
                                                        }
                                                    ]
                                                }
                                            },
                                            {
                                                "tabWidget": {
                                                    "selectedIndex": 0,
                                                    "controlWidth": 262,
                                                    "controlHeight": 735,
                                                    "collapsed": false,
                                                    "controls": [
                                                        {
                                                            "objectName": "ChannelBoxLayerEditor",
                                                            "title": "Channel Box / Layer Editor",
                                                            "uiScript": "global string $gChannelsLayersForm; formLayout $gChannelsLayersForm;",
                                                            "retain": true,
                                                            "deleteLater": true,
                                                            "loadImmediately": true,
                                                            "checkPlugins": false,
                                                            "actLikeMayaUIElement": false,
                                                            "layoutDirectionCallback": "",
                                                            "layoutDirection": "horizontal",
                                                            "tabDirection": 3,
                                                            "closed": false,
                                                            "widthProperty": "preferred",
                                                            "heightProperty": "free",
                                                            "controlWidth": 262,
                                                            "controlHeight": 735
                                                        },
                                                        {
                                                            "objectName": "contentBrowserPanel1Window",
                                                            "title": "Content Browser",
                                                            "uiScript": "if(!`panel -q -exists contentBrowserPanel1`) {\n\tint $menusOkayInPanels = `optionVar -q allowMenusInPanels`;\n\tstring $panelName = \"contentBrowserPanel1\";\n\tscriptedPanel -unParent  -type \"contentBrowserPanel\" -l (localizedPanelLabel(\"Content Browser\")) -mbv $menusOkayInPanels  contentBrowserPanel1;\n} else {\n\tscriptedPanel -e -unParent contentBrowserPanel1;\n}\nscriptedPanel -e -parent contentBrowserPanel1Window contentBrowserPanel1;\n",
                                                            "retain": false,
                                                            "deleteLater": true,
                                                            "loadImmediately": false,
                                                            "checkPlugins": false,
                                                            "actLikeMayaUIElement": false,
                                                            "layoutDirectionCallback": "",
                                                            "layoutDirection": "horizontal",
                                                            "tabDirection": 3,
                                                            "closed": false,
                                                            "widthProperty": "free",
                                                            "heightProperty": "free",
                                                            "controlWidth": 259,
                                                            "controlHeight": 637,
                                                            "initCallback": "contentBrowserInitCallback",
                                                            "stateString": "contentBrowserSetContext(\"WindowsMenu\", \"projects\", \";scenes\");"
                                                        },
                                                        {
                                                            "objectName": "AttributeEditor",
                                                            "title": "Attribute Editor",
                                                            "uiScript": "global string $gAttributeEditorForm; formLayout $gAttributeEditorForm;",
                                                            "retain": true,
                                                            "deleteLater": true,
                                                            "loadImmediately": true,
                                                            "checkPlugins": false,
                                                            "actLikeMayaUIElement": false,
                                                            "layoutDirectionCallback": "",
                                                            "layoutDirection": "horizontal",
                                                            "tabDirection": 3,
                                                            "closed": false,
                                                            "widthProperty": "preferred",
                                                            "heightProperty": "free",
                                                            "controlWidth": 460,
                                                            "controlHeight": 800
                                                        }
                                                    ]
                                                }
                                            }
                                        ]
                                    }
                                },
                                {
                                    "tabWidget": {
                                        "selectedIndex": 0,
                                        "controlWidth": 640,
                                        "controlHeight": 28,
                                        "controls": [
                                            {
                                                "objectName": "CommandLine",
                                                "title": "Command Line",
                                                "uiScript": "global string $gCommandLineForm; formLayout $gCommandLineForm;",
                                                "retain": true,
                                                "deleteLater": true,
                                                "loadImmediately": true,
                                                "checkPlugins": false,
                                                "actLikeMayaUIElement": false,
                                                "layoutDirectionCallback": "",
                                                "layoutDirection": "horizontal",
                                                "tabDirection": 0,
                                                "closed": true,
                                                "widthProperty": "free",
                                                "heightProperty": "fixed",
                                                "controlWidth": 640,
                                                "controlHeight": 28
                                            }
                                        ]
                                    }
                                },
                                {
                                    "tabWidget": {
                                        "selectedIndex": 0,
                                        "controlWidth": 640,
                                        "controlHeight": 20,
                                        "controls": [
                                            {
                                                "objectName": "HelpLine",
                                                "title": "Help Line",
                                                "uiScript": "global string $gHelpLineForm; formLayout $gHelpLineForm;",
                                                "retain": true,
                                                "deleteLater": true,
                                                "loadImmediately": true,
                                                "checkPlugins": false,
                                                "actLikeMayaUIElement": false,
                                                "layoutDirectionCallback": "",
                                                "layoutDirection": "horizontal",
                                                "tabDirection": 0,
                                                "closed": true,
                                                "widthProperty": "free",
                                                "heightProperty": "fixed",
                                                "controlWidth": 640,
                                                "controlHeight": 20
                                            }
                                        ]
                                    }
                                },
                                {
                                    "tabWidget": {
                                        "selectedIndex": 0,
                                        "controlWidth": 1470,
                                        "controlHeight": 429,
                                        "collapsed": true,
                                        "controls": [
                                            {
                                                "objectName": "graphEditor1Window",
                                                "title": "Graph Editor",
                                                "uiScript": "if(!`panel -q -exists graphEditor1`) {\n\tint $menusOkayInPanels = `optionVar -q allowMenusInPanels`;\n\tstring $panelName = \"graphEditor1\";\n\tscriptedPanel -unParent  -type \"graphEditor\" -l (localizedPanelLabel(\"Graph Editor\")) -mbv $menusOkayInPanels  graphEditor1;\n\n\t\t\t$editorName = ($panelName+\"OutlineEd\");\n            outlinerEditor -e \n                -showShapes 1\n                -showAssignedMaterials 0\n                -showTimeEditor 1\n                -showReferenceNodes 0\n                -showReferenceMembers 0\n                -showAttributes 1\n                -showConnected 1\n                -showAnimCurvesOnly 1\n                -showMuteInfo 0\n                -organizeByLayer 1\n                -showAnimLayerWeight 1\n                -autoExpandLayers 1\n                -autoExpand 1\n                -showDagOnly 0\n                -showAssets 1\n                -showContainedOnly 0\n                -showPublishedAsConnected 0\n                -showContainerContents 0\n                -ignoreDagHierarchy 0\n                -expandConnections 1\n                -showUpstreamCurves 1\n                -showUnitlessCurves 1\n                -showCompounds 0\n                -showLeafs 1\n                -showNumericAttrsOnly 1\n                -highlightActive 0\n                -autoSelectNewObjects 1\n                -doNotSelectNewObjects 0\n                -dropIsParent 1\n                -transmitFilters 1\n                -setFilter \"0\" \n                -showSetMembers 0\n                -allowMultiSelection 1\n                -alwaysToggleSelect 0\n                -directSelect 0\n                -displayMode \"DAG\" \n                -expandObjects 0\n                -setsIgnoreFilters 1\n                -containersIgnoreFilters 0\n                -editAttrName 0\n                -showAttrValues 0\n                -highlightSecondary 0\n                -showUVAttrsOnly 0\n                -showTextureNodesOnly 0\n                -attrAlphaOrder \"default\" \n                -animLayerFilterOptions \"allAffecting\" \n                -sortOrder \"none\" \n                -longNames 0\n                -niceNames 1\n                -showNamespace 1\n                -showPinIcons 1\n                -mapMotionTrails 1\n                -ignoreHiddenAttribute 0\n                -ignoreOutlinerColor 0\n                -renderFilterVisible 0\n                $editorName;\n\n\t\t\t$editorName = ($panelName+\"GraphEd\");\n            animCurveEditor -e \n                -displayKeys 1\n                -displayTangents 0\n                -displayActiveKeys 0\n                -displayActiveKeyTangents 1\n                -displayInfinities 0\n                -displayValues 0\n                -autoFit 1\n                -snapTime \"integer\" \n                -snapValue \"none\" \n                -showResults \"off\" \n                -showBufferCurves \"off\" \n                -smoothness \"fine\" \n                -resultSamples 1\n                -resultScreenSamples 0\n                -resultUpdate \"delayed\" \n                -showUpstreamCurves 1\n                -showCurveNames 0\n                -showActiveCurveNames 0\n                -stackedCurves 0\n                -stackedCurvesMin -1\n                -stackedCurvesMax 1\n                -stackedCurvesSpace 0.2\n                -displayNormalized 0\n                -preSelectionHighlight 0\n                -constrainDrag 0\n                -classicMode 1\n                -valueLinesToggle 1\n                $editorName;\n} else {\n\tscriptedPanel -e -unParent graphEditor1;\n}\nscriptedPanel -e -parent graphEditor1Window graphEditor1;\n",
                                                "retain": false,
                                                "deleteLater": true,
                                                "loadImmediately": false,
                                                "checkPlugins": false,
                                                "actLikeMayaUIElement": false,
                                                "layoutDirectionCallback": "",
                                                "layoutDirection": "horizontal",
                                                "tabDirection": 2,
                                                "closed": false,
                                                "widthProperty": "free",
                                                "heightProperty": "free",
                                                "controlWidth": 1470,
                                                "controlHeight": 429
                                            },
                                            {
                                                "objectName": "timeEditorPanel1Window",
                                                "title": "Time Editor",
                                                "uiScript": "if(!`panel -q -exists timeEditorPanel1`) {\n\tint $menusOkayInPanels = `optionVar -q allowMenusInPanels`;\n\tstring $panelName = \"timeEditorPanel1\";\n\tscriptedPanel -unParent  -type \"timeEditorPanel\" -l (localizedPanelLabel(\"Time Editor\")) -mbv $menusOkayInPanels  timeEditorPanel1;\n} else {\n\tscriptedPanel -e -unParent timeEditorPanel1;\n}\nscriptedPanel -e -parent timeEditorPanel1Window timeEditorPanel1;\n",
                                                "retain": false,
                                                "deleteLater": true,
                                                "loadImmediately": false,
                                                "checkPlugins": false,
                                                "actLikeMayaUIElement": false,
                                                "layoutDirectionCallback": "",
                                                "layoutDirection": "horizontal",
                                                "tabDirection": 2,
                                                "closed": false,
                                                "widthProperty": "free",
                                                "heightProperty": "free",
                                                "controlWidth": 1855,
                                                "controlHeight": 299
                                            }
                                        ]
                                    }
                                },
                                {
                                    "tabWidget": {
                                        "selectedIndex": 0,
                                        "controlWidth": 1485,
                                        "controlHeight": 40,
                                        "collapsed": false,
                                        "controls": [
                                            {
                                                "objectName": "TimeSlider",
                                                "title": "Time Slider",
                                                "uiScript": "global string $gTimeSliderForm; formLayout $gTimeSliderForm;",
                                                "retain": true,
                                                "deleteLater": true,
                                                "loadImmediately": true,
                                                "checkPlugins": false,
                                                "actLikeMayaUIElement": false,
                                                "layoutDirectionCallback": "",
                                                "layoutDirection": "horizontal",
                                                "tabDirection": 0,
                                                "closed": false,
                                                "widthProperty": "free",
                                                "heightProperty": "preferred",
                                                "controlWidth": 1485,
                                                "controlHeight": 40
                                            }
                                        ]
                                    }
                                },
                                {
                                    "tabWidget": {
                                        "selectedIndex": 0,
                                        "controlWidth": 1485,
                                        "controlHeight": 31,
                                        "collapsed": false,
                                        "controls": [
                                            {
                                                "objectName": "RangeSlider",
                                                "title": "Range Slider",
                                                "uiScript": "global string $gPlaybackRangeForm; formLayout $gPlaybackRangeForm;",
                                                "retain": true,
                                                "deleteLater": true,
                                                "loadImmediately": true,
                                                "checkPlugins": false,
                                                "actLikeMayaUIElement": false,
                                                "layoutDirectionCallback": "",
                                                "layoutDirection": "horizontal",
                                                "tabDirection": 0,
                                                "closed": false,
                                                "widthProperty": "free",
                                                "heightProperty": "fixed",
                                                "controlWidth": 1485,
                                                "controlHeight": 29
                                            }
                                        ]
                                    }
                                }
                            ]
                        }
                    }
                ]
            }
        }
    ],
    "closedControls": [
        {
            "objectName": "unifiedRenderGlobalsWindow",
            "posX": 250,
            "posY": 200,
            "controlHeight": 670,
            "controlWidth": 456,
            "widthProperty": "free",
            "heightProperty": "free"
        },
        {
            "objectName": "referenceEditorPanel1Window",
            "posX": 250,
            "posY": 200,
            "controlHeight": 325,
            "controlWidth": 475,
            "widthProperty": "free",
            "heightProperty": "free"
        },
        {
            "objectName": "studiolibrary_0f064036-ef62-41b7-9df5-77e50d1e7ceaWorkspaceControl",
            "posX": 38,
            "posY": 157,
            "controlHeight": 677,
            "controlWidth": 1781,
            "widthProperty": "free",
            "heightProperty": "free"
        },
        {
            "objectName": "nodeEditorPanel1Window",
            "posX": 1920,
            "posY": 23,
            "controlHeight": 1005,
            "controlWidth": 1916,
            "widthProperty": "free",
            "heightProperty": "free",
            "maximized": 1
        },
        {
            "objectName": "modelPanel5Window",
            "posX": 1920,
            "posY": 23,
            "controlHeight": 1005,
            "controlWidth": 1916,
            "widthProperty": "free",
            "heightProperty": "free"
        },
        {
            "objectName": "hyperShadePanel1Window",
            "posX": 2052,
            "posY": 153,
            "controlHeight": 900,
            "controlWidth": 1440,
            "widthProperty": "free",
            "heightProperty": "free"
        },
        {
            "objectName": "renderViewWindow",
            "posX": 155,
            "posY": 258,
            "controlHeight": 836,
            "controlWidth": 1316,
            "widthProperty": "free",
            "heightProperty": "free"
        },
        {
            "objectName": "ArnoldViewportRendererOptions",
            "posX": 134,
            "posY": 252,
            "controlHeight": 86,
            "controlWidth": 250,
            "widthProperty": "free",
            "heightProperty": "free"
        }
    ]
}