{
    "autoSave": true,
    "selectedShelf": "MASTERCLASS",
    "panels": [
        {
            "mainWindowPanel": true,
            "splitter": {
                "orientation": "vertical",
                "children": [
                    {
                        "tabWidget": {
                            "selectedIndex": 0,
                            "controlWidth": 1916,
                            "controlHeight": 23,
                            "controls": [
                                {
                                    "objectName": "StatusLine",
                                    "title": "Status Line",
                                    "uiScript": "global string $gStatusLineForm; formLayout $gStatusLineForm;",
                                    "retain": true,
                                    "deleteLater": true,
                                    "loadImmediately": true,
                                    "checkPlugins": false,
                                    "tabDirection": 0,
                                    "closed": true,
                                    "widthProperty": "free",
                                    "heightProperty": "fixed",
                                    "controlWidth": 1916,
                                    "controlHeight": 23
                                }
                            ]
                        }
                    },
                    {
                        "tabWidget": {
                            "selectedIndex": 0,
                            "controlWidth": 1916,
                            "controlHeight": 64,
                            "collapsed": false,
                            "controls": [
                                {
                                    "objectName": "Shelf",
                                    "title": "Shelf",
                                    "uiScript": "global string $gShelfForm; formLayout $gShelfForm;",
                                    "retain": true,
                                    "deleteLater": true,
                                    "loadImmediately": true,
                                    "checkPlugins": false,
                                    "tabDirection": 0,
                                    "closed": false,
                                    "widthProperty": "free",
                                    "heightProperty": "fixed",
                                    "controlWidth": 1916,
                                    "controlHeight": 64,
                                    "initCallback": "shelfInitCallback"
                                }
                            ]
                        }
                    },
                    {
                        "splitter": {
                            "orientation": "horizontal",
                            "children": [
                                {
                                    "tabWidget": {
                                        "selectedIndex": 0,
                                        "controlWidth": 40,
                                        "controlHeight": 808,
                                        "collapsed": false,
                                        "controls": [
                                            {
                                                "objectName": "ToolBox",
                                                "title": "Tool Box",
                                                "uiScript": "global string $gToolboxForm; formLayout $gToolboxForm;",
                                                "retain": true,
                                                "deleteLater": true,
                                                "loadImmediately": true,
                                                "checkPlugins": false,
                                                "tabDirection": 0,
                                                "closed": false,
                                                "widthProperty": "fixed",
                                                "heightProperty": "free",
                                                "controlWidth": 40,
                                                "controlHeight": 808
                                            }
                                        ]
                                    }
                                },
                                {
                                    "tabWidget": {
                                        "selectedIndex": 0,
                                        "controlWidth": 260,
                                        "controlHeight": 791,
                                        "collapsed": false,
                                        "controls": [
                                            {
                                                "objectName": "Outliner",
                                                "title": "Outliner",
                                                "uiScript": "outlinerPanel -menuBarVisible true -label panelLabel Outliner",
                                                "retain": true,
                                                "deleteLater": true,
                                                "loadImmediately": true,
                                                "checkPlugins": false,
                                                "tabDirection": 0,
                                                "closed": false,
                                                "widthProperty": "preferred",
                                                "heightProperty": "free",
                                                "controlWidth": 260,
                                                "controlHeight": 791,
                                                "initCallback": "outlinerStateCallback",
                                                "stateString": "outlinerEditor -e -showShapes 0 -showAssignedMaterials 0 -showTimeEditor 1 -showReferenceNodes 1 -showReferenceMembers 1 -showAttributes 0 -showConnected 0 -showAnimCurvesOnly 0 -showMuteInfo 0 -organizeByLayer 1 -organizeByClip 1 -showAnimLayerWeight 1 -autoExpandLayers 1 -autoExpand 0 -showDagOnly 1 -showAssets 1 -showContainedOnly 1 -showPublishedAsConnected 0 -showParentContainers 0 -showContainerContents 1 -ignoreDagHierarchy 0 -expandConnections 0 -showUpstreamCurves 1 -showUnitlessCurves 1 -showCompounds 1 -showLeafs 1 -showNumericAttrsOnly 0 -highlightActive 1 -autoSelectNewObjects 0 -doNotSelectNewObjects 0 -dropIsParent 1 -transmitFilters 0 -setFilter \"defaultSetFilter\" -showSetMembers 1 -allowMultiSelection 1 -alwaysToggleSelect 0 -directSelect 0 -isSet 0 -isSetMember 0 -displayMode \"DAG\" -expandObjects 0 -setsIgnoreFilters 1 -containersIgnoreFilters 0 -editAttrName 0 -showAttrValues 0 -highlightSecondary 0 -showUVAttrsOnly 0 -showTextureNodesOnly 0 -attrAlphaOrder \"default\" -animLayerFilterOptions \"allAffecting\" -sortOrder \"none\" -longNames 0 -niceNames 1 -showNamespace 1 -showPinIcons 0 -mapMotionTrails 0 -ignoreHiddenAttribute 0 -ignoreOutlinerColor 0 -renderFilterVisible 0 -renderFilterIndex 0 -selectionOrder \"chronological\" -expandAttribute 0 $editorName"
                                            }
                                        ]
                                    }
                                },
                                {
                                    "tabWidget": {
                                        "selectedIndex": 0,
                                        "controlWidth": 394,
                                        "controlHeight": 748,
                                        "collapsed": true,
                                        "controls": [
                                            {
                                                "objectName": "dwPickerWindowWorkspaceControl",
                                                "title": "DreamWall - Picker",
                                                "uiScript": "python(\"\\ntry:\\n    import dwpicker.main\\n    dwpicker.main.DwPicker.restore()\\nexcept ImportError:\\n    print(\\\"\\nERROR: Dwpicker: DwPicker is not found in Python paths.\\n    - Please use sys.path.append('<dwpicker forlder>') and relaunch it.\\n    - Or add '<picker folder>' to environment variable PYTHONPATH\\\")\\n\");",
                                                "retain": true,
                                                "deleteLater": true,
                                                "loadImmediately": true,
                                                "checkPlugins": false,
                                                "closeCommand": "python(\"import dwpicker;dwpicker._dwpicker.close_event()\");",
                                                "tabDirection": 0,
                                                "closed": false,
                                                "widthProperty": "free",
                                                "heightProperty": "free",
                                                "controlWidth": 394,
                                                "controlHeight": 748
                                            }
                                        ]
                                    }
                                },
                                {
                                    "tabWidget": {
                                        "selectedIndex": 0,
                                        "controlWidth": 1304,
                                        "controlHeight": 808,
                                        "collapsed": false,
                                        "controls": [
                                            {
                                                "objectName": "MainPane",
                                                "title": "viewPanes",
                                                "uiScript": "global string $gMainPane; paneLayout -nbg 0 $gMainPane;",
                                                "retain": true,
                                                "deleteLater": true,
                                                "loadImmediately": true,
                                                "checkPlugins": false,
                                                "tabDirection": 0,
                                                "closed": false,
                                                "widthProperty": "free",
                                                "heightProperty": "free",
                                                "controlWidth": 1304,
                                                "controlHeight": 808,
                                                "initCallback": "mainPaneStateCallback",
                                                "stateString": "global string $gMainPane; paneLayout -edit -configuration vertical2 $gMainPane;if(`scriptedPanel -exists scriptEditorPanel1`){ scriptedPanel -edit -parent $gMainPane scriptEditorPanel1; paneLayout -edit -setPane scriptEditorPanel1 1 $gMainPane;}if(`modelPanel -exists modelPanel2`){ modelPanel -edit -parent $gMainPane modelPanel2; paneLayout -edit -setPane modelPanel2 2 $gMainPane;}"
                                            }
                                        ]
                                    }
                                },
                                {
                                    "tabWidget": {
                                        "selectedIndex": 0,
                                        "controlWidth": 260,
                                        "controlHeight": 808,
                                        "collapsed": false,
                                        "controls": [
                                            {
                                                "objectName": "ChannelBoxLayerEditor",
                                                "title": "Channel Box / Layer Editor",
                                                "uiScript": "global string $gChannelsLayersForm; formLayout $gChannelsLayersForm;",
                                                "retain": true,
                                                "deleteLater": true,
                                                "loadImmediately": true,
                                                "checkPlugins": false,
                                                "tabDirection": 3,
                                                "closed": false,
                                                "widthProperty": "preferred",
                                                "heightProperty": "free",
                                                "controlWidth": 260,
                                                "controlHeight": 808
                                            },
                                            {
                                                "objectName": "AttributeEditor",
                                                "title": "Attribute Editor",
                                                "uiScript": "global string $gAttributeEditorForm; formLayout $gAttributeEditorForm;",
                                                "retain": true,
                                                "deleteLater": true,
                                                "loadImmediately": true,
                                                "checkPlugins": false,
                                                "tabDirection": 3,
                                                "closed": false,
                                                "widthProperty": "preferred",
                                                "heightProperty": "free",
                                                "controlWidth": 460,
                                                "controlHeight": 725
                                            },
                                            {
                                                "objectName": "NEXDockControl",
                                                "title": "Modeling Toolkit",
                                                "uiScript": "dR_createNEXDockControl();",
                                                "retain": true,
                                                "deleteLater": true,
                                                "loadImmediately": true,
                                                "checkPlugins": false,
                                                "tabDirection": 3,
                                                "closed": false,
                                                "widthProperty": "preferred",
                                                "heightProperty": "free",
                                                "controlWidth": 260,
                                                "controlHeight": 918,
                                                "requiredPlugins": [
                                                    "modelingToolkit"
                                                ]
                                            }
                                        ]
                                    }
                                }
                            ]
                        }
                    },
                    {
                        "tabWidget": {
                            "selectedIndex": 0,
                            "controlWidth": 1916,
                            "controlHeight": 38,
                            "collapsed": false,
                            "controls": [
                                {
                                    "objectName": "TimeSlider",
                                    "title": "Time Slider",
                                    "uiScript": "global string $gTimeSliderForm; formLayout $gTimeSliderForm;",
                                    "retain": true,
                                    "deleteLater": true,
                                    "loadImmediately": true,
                                    "checkPlugins": false,
                                    "tabDirection": 0,
                                    "closed": false,
                                    "widthProperty": "free",
                                    "heightProperty": "preferred",
                                    "controlWidth": 1916,
                                    "controlHeight": 38
                                }
                            ]
                        }
                    },
                    {
                        "tabWidget": {
                            "selectedIndex": 0,
                            "controlWidth": 1916,
                            "controlHeight": 31,
                            "collapsed": false,
                            "controls": [
                                {
                                    "objectName": "RangeSlider",
                                    "title": "Range Slider",
                                    "uiScript": "global string $gPlaybackRangeForm; formLayout $gPlaybackRangeForm;",
                                    "retain": true,
                                    "deleteLater": true,
                                    "loadImmediately": true,
                                    "checkPlugins": false,
                                    "tabDirection": 0,
                                    "closed": false,
                                    "widthProperty": "free",
                                    "heightProperty": "fixed",
                                    "controlWidth": 1916,
                                    "controlHeight": 29
                                }
                            ]
                        }
                    },
                    {
                        "tabWidget": {
                            "selectedIndex": 0,
                            "controlWidth": 640,
                            "controlHeight": 28,
                            "controls": [
                                {
                                    "objectName": "CommandLine",
                                    "title": "Command Line",
                                    "uiScript": "global string $gCommandLineForm; formLayout $gCommandLineForm;",
                                    "retain": true,
                                    "deleteLater": true,
                                    "loadImmediately": true,
                                    "checkPlugins": false,
                                    "tabDirection": 0,
                                    "closed": true,
                                    "widthProperty": "free",
                                    "heightProperty": "fixed",
                                    "controlWidth": 640,
                                    "controlHeight": 28
                                }
                            ]
                        }
                    },
                    {
                        "tabWidget": {
                            "selectedIndex": 0,
                            "controlWidth": 1916,
                            "controlHeight": 39,
                            "collapsed": true,
                            "controls": [
                                {
                                    "objectName": "LaaShelfUiWorkspaceControl",
                                    "title": "Docked Window",
                                    "uiScript": "python(\"<bound method LaaShelfUi.get_ui_script of <class 'LaaShelf.laashelf_ui.LaaShelfUi'>>\");",
                                    "retain": true,
                                    "deleteLater": true,
                                    "loadImmediately": false,
                                    "checkPlugins": false,
                                    "tabDirection": 0,
                                    "closed": false,
                                    "widthProperty": "free",
                                    "heightProperty": "free",
                                    "controlWidth": 1916,
                                    "controlHeight": 39
                                }
                            ]
                        }
                    }
                ]
            }
        }
    ],
    "closedControls": [
        {
            "objectName": "unifiedRenderGlobalsWindow",
            "posX": 1032,
            "posY": 233,
            "controlHeight": 670,
            "controlWidth": 456,
            "widthProperty": "free",
            "heightProperty": "free"
        },
        {
            "objectName": "graphEditor1Window",
            "posX": 1920,
            "posY": 23,
            "controlHeight": 1005,
            "controlWidth": 1916,
            "widthProperty": "free",
            "heightProperty": "free"
        },
        {
            "objectName": "renderViewWindow",
            "posX": 1920,
            "posY": 23,
            "controlHeight": 1005,
            "controlWidth": 1916,
            "widthProperty": "free",
            "heightProperty": "free"
        },
        {
            "objectName": "scriptEditorPanel1Window",
            "posX": 250,
            "posY": 200,
            "controlHeight": 587,
            "controlWidth": 1070,
            "widthProperty": "free",
            "heightProperty": "free"
        }
    ]
}