{
    "linkedMenu": "modelingMenuSet",
    "autoSave": true,
    "selectedShelf": "Polygons",
    "panels": [
        {
            "mainWindowPanel": true,
            "splitter": {
                "orientation": "vertical",
                "children": [
                    {
                        "tabWidget": {
                            "selectedIndex": 0,
                            "controlWidth": 1916,
                            "controlHeight": 23,
                            "collapsed": false,
                            "controls": [
                                {
                                    "objectName": "StatusLine",
                                    "title": "Status Line",
                                    "uiScript": "global string $gStatusLineForm; formLayout $gStatusLineForm;",
                                    "retain": true,
                                    "deleteLater": true,
                                    "loadImmediately": true,
                                    "checkPlugins": false,
                                    "actLikeMayaUIElement": false,
                                    "layoutDirectionCallback": "",
                                    "layoutDirection": "horizontal",
                                    "tabDirection": 0,
                                    "closed": false,
                                    "widthProperty": "free",
                                    "heightProperty": "fixed",
                                    "controlWidth": 1916,
                                    "controlHeight": 23
                                }
                            ]
                        }
                    },
                    {
                        "tabWidget": {
                            "selectedIndex": 0,
                            "controlWidth": 1916,
                            "controlHeight": 64,
                            "collapsed": false,
                            "controls": [
                                {
                                    "objectName": "Shelf",
                                    "title": "Shelf",
                                    "uiScript": "global string $gShelfForm; formLayout $gShelfForm;",
                                    "retain": true,
                                    "deleteLater": true,
                                    "loadImmediately": true,
                                    "checkPlugins": false,
                                    "actLikeMayaUIElement": false,
                                    "layoutDirectionCallback": "",
                                    "layoutDirection": "horizontal",
                                    "tabDirection": 0,
                                    "closed": false,
                                    "widthProperty": "free",
                                    "heightProperty": "fixed",
                                    "controlWidth": 1916,
                                    "controlHeight": 64,
                                    "initCallback": "shelfInitCallback"
                                }
                            ]
                        }
                    },
                    {
                        "splitter": {
                            "orientation": "horizontal",
                            "children": [
                                {
                                    "tabWidget": {
                                        "selectedIndex": 0,
                                        "controlWidth": 40,
                                        "controlHeight": 845,
                                        "collapsed": false,
                                        "controls": [
                                            {
                                                "objectName": "ToolBox",
                                                "title": "Tool Box",
                                                "uiScript": "global string $gToolboxForm; formLayout $gToolboxForm;",
                                                "retain": true,
                                                "deleteLater": true,
                                                "loadImmediately": true,
                                                "checkPlugins": false,
                                                "actLikeMayaUIElement": false,
                                                "layoutDirectionCallback": "",
                                                "layoutDirection": "vertical",
                                                "tabDirection": 0,
                                                "closed": false,
                                                "widthProperty": "fixed",
                                                "heightProperty": "free",
                                                "controlWidth": 40,
                                                "controlHeight": 845
                                            }
                                        ]
                                    }
                                },
                                {
                                    "tabWidget": {
                                        "selectedIndex": 0,
                                        "controlWidth": 260,
                                        "controlHeight": 901,
                                        "controls": [
                                            {
                                                "objectName": "Outliner",
                                                "title": "Outliner",
                                                "uiScript": "outlinerPanel -menuBarVisible true -label panelLabel Outliner",
                                                "retain": true,
                                                "deleteLater": true,
                                                "loadImmediately": true,
                                                "checkPlugins": false,
                                                "actLikeMayaUIElement": false,
                                                "layoutDirectionCallback": "",
                                                "layoutDirection": "horizontal",
                                                "tabDirection": 0,
                                                "closed": true,
                                                "widthProperty": "preferred",
                                                "heightProperty": "free",
                                                "controlWidth": 260,
                                                "controlHeight": 480,
                                                "initCallback": "outlinerStateCallback"
                                            }
                                        ]
                                    }
                                },
                                {
                                    "tabWidget": {
                                        "selectedIndex": 0,
                                        "controlWidth": 1604,
                                        "controlHeight": 845,
                                        "collapsed": false,
                                        "controls": [
                                            {
                                                "objectName": "MainPane",
                                                "title": "viewPanes",
                                                "uiScript": "global string $gMainPane; paneLayout -nbg 0 $gMainPane;",
                                                "retain": true,
                                                "deleteLater": true,
                                                "loadImmediately": true,
                                                "checkPlugins": false,
                                                "actLikeMayaUIElement": false,
                                                "layoutDirectionCallback": "",
                                                "layoutDirection": "horizontal",
                                                "tabDirection": 0,
                                                "closed": false,
                                                "widthProperty": "free",
                                                "heightProperty": "free",
                                                "controlWidth": 1604,
                                                "controlHeight": 845,
                                                "initCallback": "mainPaneStateCallback",
                                                "stateString": "global string $gMainPane; paneLayout -edit -configuration single $gMainPane;if(`modelPanel -exists modelPanel4`){ modelPanel -edit -parent $gMainPane modelPanel4; paneLayout -edit -setPane modelPanel4 1 $gMainPane;}"
                                            }
                                        ]
                                    }
                                },
                                {
                                    "tabWidget": {
                                        "selectedIndex": 0,
                                        "controlWidth": 260,
                                        "controlHeight": 828,
                                        "collapsed": false,
                                        "controls": [
                                            {
                                                "objectName": "NEXDockControl",
                                                "title": "Modeling Toolkit",
                                                "uiScript": "dR_createNEXDockControl();",
                                                "retain": true,
                                                "deleteLater": true,
                                                "loadImmediately": true,
                                                "checkPlugins": false,
                                                "actLikeMayaUIElement": false,
                                                "layoutDirectionCallback": "",
                                                "layoutDirection": "horizontal",
                                                "tabDirection": 0,
                                                "closed": false,
                                                "widthProperty": "preferred",
                                                "heightProperty": "free",
                                                "controlWidth": 260,
                                                "controlHeight": 828,
                                                "requiredPlugins": [
                                                    "modelingToolkit"
                                                ]
                                            },
                                            {
                                                "objectName": "AttributeEditor",
                                                "title": "Attribute Editor",
                                                "uiScript": "global string $gAttributeEditorForm; formLayout $gAttributeEditorForm;",
                                                "retain": true,
                                                "deleteLater": true,
                                                "loadImmediately": true,
                                                "checkPlugins": false,
                                                "actLikeMayaUIElement": false,
                                                "layoutDirectionCallback": "",
                                                "layoutDirection": "horizontal",
                                                "tabDirection": 0,
                                                "closed": false,
                                                "widthProperty": "preferred",
                                                "heightProperty": "free",
                                                "controlWidth": 460,
                                                "controlHeight": 999
                                            }
                                        ]
                                    }
                                }
                            ]
                        }
                    },
                    {
                        "tabWidget": {
                            "selectedIndex": 0,
                            "controlWidth": 1667,
                            "controlHeight": 32,
                            "controls": [
                                {
                                    "objectName": "TimeSlider",
                                    "title": "Time Slider",
                                    "uiScript": "global string $gTimeSliderForm; formLayout $gTimeSliderForm;",
                                    "retain": true,
                                    "deleteLater": true,
                                    "loadImmediately": true,
                                    "checkPlugins": false,
                                    "actLikeMayaUIElement": false,
                                    "layoutDirectionCallback": "",
                                    "layoutDirection": "horizontal",
                                    "tabDirection": 0,
                                    "closed": true,
                                    "widthProperty": "free",
                                    "heightProperty": "preferred",
                                    "controlWidth": 1916,
                                    "controlHeight": 36
                                }
                            ]
                        }
                    },
                    {
                        "tabWidget": {
                            "selectedIndex": 0,
                            "controlWidth": 1667,
                            "controlHeight": 29,
                            "controls": [
                                {
                                    "objectName": "RangeSlider",
                                    "title": "Range Slider",
                                    "uiScript": "global string $gPlaybackRangeForm; formLayout $gPlaybackRangeForm;",
                                    "retain": true,
                                    "deleteLater": true,
                                    "loadImmediately": true,
                                    "checkPlugins": false,
                                    "actLikeMayaUIElement": false,
                                    "layoutDirectionCallback": "",
                                    "layoutDirection": "horizontal",
                                    "tabDirection": 0,
                                    "closed": true,
                                    "widthProperty": "free",
                                    "heightProperty": "fixed",
                                    "controlWidth": 1916,
                                    "controlHeight": 29
                                }
                            ]
                        }
                    },
                    {
                        "splitter": {
                            "orientation": "horizontal",
                            "children": [
                                {
                                    "tabWidget": {
                                        "selectedIndex": 0,
                                        "controlWidth": 957,
                                        "controlHeight": 28,
                                        "collapsed": false,
                                        "controls": [
                                            {
                                                "objectName": "HelpLine",
                                                "title": "Help Line",
                                                "uiScript": "global string $gHelpLineForm; formLayout $gHelpLineForm;",
                                                "retain": true,
                                                "deleteLater": true,
                                                "loadImmediately": true,
                                                "checkPlugins": false,
                                                "actLikeMayaUIElement": false,
                                                "layoutDirectionCallback": "",
                                                "layoutDirection": "horizontal",
                                                "tabDirection": 0,
                                                "closed": false,
                                                "widthProperty": "free",
                                                "heightProperty": "fixed",
                                                "controlWidth": 957,
                                                "controlHeight": 20
                                            }
                                        ]
                                    }
                                },
                                {
                                    "tabWidget": {
                                        "selectedIndex": 0,
                                        "controlWidth": 953,
                                        "controlHeight": 28,
                                        "collapsed": false,
                                        "controls": [
                                            {
                                                "objectName": "CommandLine",
                                                "title": "Command Line",
                                                "uiScript": "global string $gCommandLineForm; formLayout $gCommandLineForm;",
                                                "retain": true,
                                                "deleteLater": true,
                                                "loadImmediately": true,
                                                "checkPlugins": false,
                                                "actLikeMayaUIElement": false,
                                                "layoutDirectionCallback": "",
                                                "layoutDirection": "horizontal",
                                                "tabDirection": 0,
                                                "closed": false,
                                                "widthProperty": "free",
                                                "heightProperty": "fixed",
                                                "controlWidth": 953,
                                                "controlHeight": 28
                                            }
                                        ]
                                    }
                                }
                            ]
                        }
                    }
                ]
            }
        }
    ]
}